Household_ID;Visit_Year;Visit_Date;Building_Type;Building_HousingUnits;Building_ConstructionYear_Interval;Building_Renovated;Building_FloorAreaHeated_Total;Building_Residents;Building_PVSystem_Available;Building_ElectricVehicle_Available;HeatPump_Installation_Type;HeatPump_Installation_HeatingCapacity;HeatDistribution_System_Radiators;HeatDistribution_System_FloorHeating;HeatDistribution_System_ThermostaticValve;DHW_Production_ByHeatPump;DHW_Production_ByElectricWaterHeater;DHW_Production_BySolar;DHW_Production_ByHeatPumpBoiler;DHW_Circulation_ByTraceHeating;DHW_Circulation_ByCirculationPump;DHW_Circulation_SwitchedByTimer;DHW_Sterilization_Available
1137376;2019;2019-05-28;1.0;1.0;3.0;0.0;200.0;5.0;0.0;0.0;2.0;14.4;0.0;1.0;0.0;0.0;1.0;0.0;0.0;0.0;0.0;0.0;0.0
9880798;2020;2020-02-17;1.0;1.0;5.0;0.0;150.0;4.0;0.0;1.0;2.0;;0.0;1.0;0.0;0.0;1.0;0.0;0.0;0.0;0.0;0.0;1.0
680861;2020;2020-02-17;1.0;1.0;5.0;0.0;400.0;2.0;0.0;0.0;2.0;15.0;0.0;1.0;0.0;1.0;0.0;0.0;0.0;1.0;0.0;1.0;1.0
468185;2020;2020-02-25;1.0;1.0;2.0;1.0;300.0;2.0;0.0;0.0;2.0;11.67;1.0;1.0;1.0;0.0;1.0;0.0;0.0;0.0;0.0;0.0;1.0
674801;2020;2020-02-28;1.0;1.0;6.0;0.0;150.0;2.0;0.0;0.0;2.0;8.5;0.0;1.0;1.0;1.0;0.0;0.0;0.0;0.0;0.0;0.0;1.0
781007;2020;2020-02-28;1.0;1.0;4.0;0.0;200.0;2.0;0.0;0.0;2.0;;0.0;1.0;1.0;1.0;0.0;0.0;0.0;0.0;0.0;0.0;1.0
761079;2020;2020-02-28;1.0;1.0;2.0;0.0;250.0;2.0;0.0;0.0;2.0;;1.0;0.0;1.0;1.0;0.0;0.0;0.0;1.0;0.0;0.0;1.0
107998;2020;2020-03-09;1.0;1.0;2.0;1.0;230.0;2.0;0.0;0.0;2.0;13.6;0.0;1.0;0.0;0.0;0.0;0.0;1.0;0.0;0.0;0.0;1.0
461089;2020;2020-03-09;1.0;1.0;2.0;0.0;235.0;2.0;0.0;0.0;2.0;9.74;0.0;1.0;0.0;1.0;0.0;0.0;0.0;0.0;0.0;0.0;0.0
114109;2020;2020-05-07;1.0;1.0;2.0;0.0;200.0;1.0;0.0;0.0;2.0;10.4;1.0;0.0;1.0;0.0;0.0;0.0;1.0;0.0;0.0;0.0;1.0
107114;2020;2020-05-07;1.0;1.0;2.0;1.0;185.0;2.0;0.0;0.0;2.0;5.06;0.0;1.0;0.0;1.0;0.0;0.0;0.0;0.0;1.0;1.0;1.0
9981041;2021;2021-03-17;1.0;1.0;7.0;0.0;410.0;2.0;1.0;0.0;2.0;13.2;0.0;1.0;1.0;1.0;0.0;0.0;0.0;0.0;0.0;0.0;0.0
111710;2021;2021-06-11;1.0;1.0;5.0;0.0;290.0;3.0;0.0;0.0;2.0;18.7;0.0;1.0;0.0;1.0;0.0;0.0;0.0;1.0;0.0;0.0;1.0
118117;2021;2021-06-18;1.0;1.0;3.0;1.0;212.0;2.0;0.0;0.0;3.0;12.0;0.0;1.0;0.0;0.0;1.0;0.0;0.0;0.0;0.0;0.0;1.0
6981151;2021;2021-09-09;1.0;1.0;1.0;1.0;240.0;2.0;0.0;0.0;1.0;25.8;0.0;1.0;0.0;1.0;0.0;0.0;0.0;0.0;0.0;0.0;1.0
876511;2021;2021-09-15;3.0;2.0;6.0;0.0;500.0;8.0;0.0;0.0;1.0;27.0;0.0;1.0;0.0;0.0;1.0;0.0;0.0;0.0;0.0;0.0;1.0
7412010;2021;2021-09-21;1.0;1.0;7.0;0.0;250.0;5.0;0.0;0.0;1.0;10.0;0.0;1.0;0.0;1.0;0.0;0.0;0.0;0.0;0.0;0.0;1.0
6810910;2021;2021-11-17;1.0;1.0;2.0;1.0;160.0;2.0;0.0;0.0;1.0;16.0;1.0;1.0;0.0;0.0;0.0;0.0;1.0;0.0;0.0;0.0;1.0
9889190;2021;2021-11-19;1.0;1.0;1.0;1.0;200.0;4.0;0.0;1.0;2.0;7.7;1.0;0.0;1.0;0.0;0.0;0.0;1.0;0.0;0.0;0.0;1.0
6808461;2021;2021-11-29;1.0;1.0;8.0;0.0;207.0;4.0;0.0;0.0;2.0;5.76;0.0;1.0;0.0;1.0;0.0;0.0;0.0;0.0;0.0;0.0;0.0
6773102;2021;2021-11-29;1.0;1.0;1.0;1.0;200.0;4.0;0.0;0.0;2.0;13.7;1.0;0.0;1.0;1.0;0.0;0.0;0.0;0.0;0.0;0.0;1.0
4710670;2021;2021-11-30;1.0;1.0;1.0;0.0;300.0;2.0;1.0;0.0;1.0;10.0;1.0;1.0;1.0;1.0;0.0;0.0;0.0;0.0;1.0;1.0;1.0
716869;2021;2021-12-02;1.0;1.0;3.0;1.0;155.0;2.0;0.0;1.0;1.0;8.5;0.0;1.0;1.0;1.0;0.0;1.0;0.0;0.0;0.0;0.0;1.0
115508;2021;2021-12-03;1.0;1.0;1.0;1.0;170.0;2.0;0.0;0.0;2.0;9.6;1.0;1.0;1.0;1.0;0.0;1.0;0.0;0.0;0.0;0.0;1.0
781099;2021;2021-12-03;1.0;1.0;3.0;0.0;150.0;2.0;0.0;0.0;2.0;7.38;1.0;1.0;1.0;1.0;0.0;1.0;0.0;0.0;0.0;0.0;1.0
105768;2021;2021-12-03;1.0;1.0;1.0;1.0;294.0;1.0;1.0;0.0;2.0;17.8;1.0;0.0;1.0;1.0;0.0;0.0;0.0;0.0;1.0;1.0;1.0
8010411;2021;2021-12-03;1.0;2.0;8.0;0.0;375.0;5.0;0.0;0.0;1.0;19.9;0.0;1.0;1.0;1.0;0.0;0.0;0.0;0.0;1.0;0.0;0.0
7086681;2021;2021-12-03;1.0;1.0;7.0;0.0;180.0;1.0;0.0;0.0;1.0;7.5;0.0;1.0;0.0;1.0;0.0;0.0;0.0;0.0;0.0;0.0;0.0
868122;2021;2021-12-07;1.0;1.0;4.0;0.0;280.0;1.0;0.0;0.0;1.0;14.0;1.0;1.0;0.0;1.0;0.0;0.0;0.0;0.0;0.0;0.0;1.0
881223;2021;2021-12-14;1.0;1.0;2.0;1.0;240.0;2.0;0.0;0.0;1.0;17.0;1.0;0.0;1.0;0.0;1.0;0.0;0.0;0.0;0.0;0.0;1.0
118708;2021;2021-12-16;1.0;1.0;5.0;0.0;186.0;2.0;0.0;1.0;2.0;8.0;0.0;1.0;0.0;1.0;0.0;0.0;0.0;0.0;0.0;0.0;0.0
1037610;2021;2021-12-17;1.0;1.0;8.0;0.0;222.0;5.0;0.0;0.0;2.0;7.56;0.0;1.0;1.0;1.0;0.0;0.0;0.0;0.0;0.0;0.0;1.0
6885841;2021;2021-12-20;1.0;1.0;8.0;0.0;170.0;4.0;0.0;0.0;1.0;7.0;0.0;1.0;1.0;1.0;0.0;0.0;0.0;0.0;1.0;0.0;1.0
2794690;2021;2021-12-22;1.0;1.0;2.0;1.0;140.0;6.0;0.0;0.0;1.0;5.0;0.0;1.0;0.0;1.0;0.0;0.0;0.0;0.0;0.0;0.0;1.0
105807;2022;2022-01-04;1.0;1.0;3.0;1.0;200.0;2.0;0.0;0.0;2.0;16.2;1.0;1.0;0.0;0.0;0.0;0.0;1.0;0.0;0.0;0.0;1.0
7374981;2022;2022-01-04;1.0;1.0;8.0;0.0;200.0;5.0;1.0;0.0;1.0;10.4;0.0;1.0;0.0;1.0;0.0;0.0;0.0;0.0;0.0;0.0;1.0
861116;2022;2022-01-06;1.0;1.0;2.0;1.0;195.0;2.0;0.0;0.0;1.0;12.0;0.0;1.0;0.0;0.0;0.0;1.0;0.0;0.0;0.0;0.0;1.0
108511;2022;2022-01-10;1.0;2.0;7.0;0.0;274.0;5.0;0.0;1.0;2.0;7.8;0.0;1.0;1.0;1.0;0.0;1.0;0.0;1.0;0.0;0.0;1.0
86109;2022;2022-01-13;1.0;1.0;3.0;1.0;160.0;2.0;0.0;1.0;1.0;8.0;0.0;1.0;0.0;1.0;0.0;0.0;0.0;0.0;0.0;0.0;1.0
1037311;2022;2022-01-14;1.0;1.0;2.0;1.0;180.0;3.0;0.0;0.0;2.0;4.0;0.0;1.0;0.0;1.0;0.0;0.0;0.0;0.0;0.0;0.0;1.0
116121;2022;2022-01-19;1.0;2.0;1.0;0.0;395.0;2.0;0.0;1.0;1.0;11.3;1.0;0.0;1.0;0.0;1.0;0.0;0.0;0.0;0.0;0.0;1.0
120741;2022;2022-01-19;1.0;1.0;3.0;0.0;164.0;2.0;0.0;0.0;1.0;13.0;0.0;1.0;0.0;1.0;0.0;0.0;0.0;0.0;0.0;0.0;0.0
114721;2022;2022-01-19;1.0;1.0;3.0;1.0;140.0;2.0;0.0;0.0;1.0;12.0;1.0;1.0;0.0;1.0;0.0;0.0;0.0;0.0;0.0;0.0;1.0
815461;2022;2022-01-19;1.0;1.0;3.0;1.0;240.0;2.0;1.0;0.0;2.0;;0.0;1.0;0.0;1.0;0.0;0.0;0.0;1.0;0.0;0.0;1.0
1678757;2022;2022-01-20;1.0;1.0;2.0;1.0;200.0;2.0;0.0;0.0;1.0;5.2;0.0;1.0;0.0;1.0;0.0;1.0;0.0;0.0;1.0;1.0;1.0
971071;2022;2022-01-20;1.0;1.0;3.0;1.0;250.0;2.0;0.0;0.0;1.0;8.14;0.0;1.0;0.0;0.0;0.0;0.0;1.0;0.0;0.0;0.0;1.0
121728;2022;2022-01-21;2.0;3.0;8.0;0.0;455.0;7.0;0.0;0.0;2.0;10.6;0.0;1.0;1.0;1.0;0.0;0.0;0.0;0.0;0.0;0.0;1.0
114798;2022;2022-01-21;1.0;1.0;1.0;1.0;301.0;3.0;0.0;1.0;2.0;14.4;1.0;0.0;1.0;1.0;0.0;0.0;0.0;0.0;0.0;0.0;1.0
1081057;2022;2022-01-25;1.0;1.0;8.0;0.0;200.0;4.0;0.0;0.0;2.0;7.5;0.0;1.0;1.0;1.0;0.0;0.0;0.0;0.0;0.0;0.0;0.0
9776611;2022;2022-01-28;1.0;1.0;8.0;0.0;180.0;3.0;0.0;0.0;1.0;7.0;0.0;1.0;1.0;1.0;0.0;0.0;0.0;0.0;0.0;0.0;1.0
7411010;2022;2022-01-31;1.0;1.0;8.0;0.0;260.0;4.0;0.0;0.0;1.0;14.7;0.0;1.0;1.0;1.0;0.0;1.0;0.0;1.0;0.0;0.0;1.0
512280;2022;2022-02-01;1.0;1.0;8.0;0.0;300.0;4.0;0.0;0.0;2.0;10.6;0.0;1.0;1.0;1.0;0.0;0.0;0.0;0.0;0.0;0.0;1.0
7710511;2022;2022-02-04;1.0;1.0;1.0;1.0;200.0;3.0;0.0;0.0;1.0;19.6;1.0;0.0;1.0;1.0;0.0;0.0;0.0;0.0;0.0;0.0;1.0
823761;2022;2022-02-07;1.0;1.0;5.0;1.0;240.0;2.0;0.0;0.0;1.0;8.2;0.0;1.0;0.0;1.0;0.0;0.0;0.0;1.0;0.0;0.0;1.0
1101758;2022;2022-02-09;1.0;1.0;2.0;1.0;192.0;2.0;0.0;0.0;2.0;7.7;0.0;1.0;0.0;1.0;0.0;0.0;0.0;0.0;0.0;0.0;1.0
1061168;2022;2022-02-11;1.0;1.0;8.0;0.0;160.0;2.0;0.0;0.0;2.0;5.2;0.0;1.0;1.0;1.0;0.0;0.0;0.0;0.0;0.0;0.0;1.0
808112;2022;2022-02-16;1.0;1.0;3.0;0.0;140.0;2.0;0.0;0.0;1.0;12.0;0.0;1.0;1.0;0.0;1.0;0.0;0.0;0.0;0.0;0.0;1.0
1019970;2022;2022-03-09;1.0;1.0;8.0;0.0;170.0;4.0;0.0;0.0;2.0;5.69;0.0;1.0;1.0;1.0;0.0;0.0;0.0;0.0;0.0;0.0;1.0
1148611;2022;2022-03-15;1.0;1.0;5.0;0.0;240.0;3.0;1.0;1.0;2.0;11.6;0.0;1.0;0.0;0.0;1.0;0.0;0.0;0.0;0.0;0.0;1.0
7048688;2022;2022-03-24;1.0;1.0;4.0;1.0;135.0;4.0;1.0;1.0;2.0;9.0;0.0;1.0;0.0;0.0;0.0;1.0;0.0;0.0;0.0;0.0;1.0
109104;2022;2022-03-31;1.0;1.0;1.0;1.0;200.0;2.0;0.0;0.0;1.0;8.6;1.0;0.0;1.0;0.0;1.0;0.0;0.0;0.0;0.0;0.0;1.0
468646;2022;2022-04-05;1.0;1.0;4.0;0.0;150.0;2.0;0.0;0.0;1.0;7.8;0.0;1.0;0.0;1.0;0.0;0.0;0.0;1.0;0.0;0.0;1.0
1114639;2022;2022-05-08;1.0;1.0;2.0;0.0;195.0;5.0;0.0;0.0;2.0;9.9;0.0;1.0;1.0;0.0;0.0;0.0;1.0;0.0;0.0;0.0;1.0
768113;2022;2022-06-07;1.0;1.0;2.0;1.0;150.0;2.0;1.0;1.0;1.0;6.6;1.0;0.0;1.0;0.0;0.0;0.0;1.0;0.0;0.0;0.0;1.0
122850;2022;2022-06-13;1.0;1.0;7.0;0.0;220.0;1.0;0.0;0.0;2.0;9.1;0.0;1.0;0.0;0.0;1.0;0.0;0.0;1.0;0.0;0.0;1.0
461104;2022;2022-06-15;1.0;1.0;5.0;0.0;210.0;3.0;0.0;0.0;1.0;5.6;0.0;1.0;0.0;1.0;0.0;0.0;0.0;0.0;0.0;0.0;1.0
112810;2022;2022-07-01;1.0;1.0;5.0;0.0;180.0;4.0;1.0;0.0;1.0;6.83;0.0;1.0;1.0;1.0;0.0;0.0;0.0;0.0;0.0;0.0;1.0
610891;2022;2022-07-08;1.0;1.0;7.0;0.0;240.0;4.0;0.0;0.0;1.0;11.6;0.0;1.0;1.0;0.0;1.0;0.0;0.0;0.0;0.0;0.0;1.0
858577;2022;2022-07-19;1.0;1.0;3.0;1.0;180.0;1.0;0.0;0.0;1.0;11.6;0.0;1.0;0.0;0.0;1.0;0.0;0.0;0.0;0.0;0.0;1.0
8399121;2022;2022-08-09;1.0;1.0;7.0;0.0;168.0;4.0;0.0;0.0;1.0;8.0;0.0;1.0;1.0;0.0;1.0;0.0;0.0;0.0;0.0;0.0;1.0
108987;2022;2022-08-18;1.0;2.0;7.0;0.0;180.0;3.0;0.0;0.0;1.0;8.0;0.0;1.0;1.0;0.0;1.0;0.0;0.0;0.0;0.0;0.0;1.0
788488;2022;2022-09-01;1.0;1.0;7.0;0.0;250.0;3.0;0.0;0.0;1.0;9.0;0.0;1.0;1.0;1.0;0.0;0.0;0.0;0.0;0.0;0.0;1.0
7099511;2022;2022-09-22;1.0;1.0;;1.0;104.0;3.0;0.0;0.0;1.0;10.2;0.0;1.0;1.0;1.0;0.0;0.0;0.0;0.0;0.0;0.0;1.0
865116;2022;2022-10-04;1.0;1.0;3.0;0.0;200.0;2.0;1.0;0.0;1.0;9.0;0.0;1.0;0.0;0.0;1.0;0.0;0.0;0.0;0.0;0.0;1.0
991118;2022;2022-10-10;1.0;1.0;3.0;0.0;234.5;2.0;0.0;0.0;2.0;26.0;0.0;1.0;0.0;0.0;1.0;0.0;0.0;0.0;0.0;0.0;1.0
816910;2022;2022-10-11;1.0;1.0;6.0;0.0;180.0;3.0;0.0;0.0;1.0;12.0;0.0;1.0;0.0;0.0;1.0;0.0;0.0;0.0;0.0;0.0;1.0
1001228;2022;2022-10-12;1.0;1.0;7.0;0.0;170.0;3.0;0.0;0.0;1.0;9.4;0.0;1.0;0.0;1.0;0.0;0.0;0.0;1.0;0.0;0.0;1.0
107461;2022;2022-10-19;1.0;1.0;3.0;1.0;120.0;2.0;0.0;0.0;1.0;12.0;0.0;1.0;0.0;1.0;0.0;0.0;0.0;0.0;1.0;1.0;1.0
106100;2022;2022-10-19;1.0;1.0;2.0;1.0;140.0;2.0;0.0;0.0;1.0;8.0;0.0;1.0;0.0;1.0;0.0;0.0;0.0;0.0;0.0;0.0;1.0
5845834;2022;2022-10-23;1.0;1.0;7.0;0.0;180.0;4.0;0.0;1.0;2.0;7.34;0.0;1.0;1.0;1.0;0.0;0.0;0.0;1.0;0.0;0.0;1.0
1111201;2022;2022-10-25;1.0;1.0;1.0;0.0;250.0;4.0;1.0;0.0;1.0;13.0;1.0;1.0;1.0;0.0;1.0;1.0;0.0;1.0;0.0;0.0;1.0
8612210;2022;2022-11-10;1.0;2.0;3.0;1.0;300.0;6.0;1.0;0.0;2.0;20.42;0.0;1.0;0.0;1.0;0.0;0.0;0.0;0.0;1.0;1.0;1.0
998988;2022;2022-11-14;1.0;1.0;8.0;0.0;205.0;2.0;1.0;1.0;2.0;13.3;0.0;1.0;1.0;1.0;0.0;0.0;0.0;1.0;0.0;0.0;1.0
7211010;2022;2022-11-21;1.0;1.0;1.0;1.0;180.0;4.0;1.0;0.0;2.0;9.33;1.0;0.0;1.0;1.0;0.0;0.0;0.0;0.0;1.0;0.0;1.0
1211151;2022;2022-11-23;1.0;1.0;1.0;1.0;245.0;4.0;1.0;1.0;2.0;9.1;1.0;1.0;1.0;1.0;0.0;0.0;0.0;1.0;0.0;1.0;1.0
7771161;2022;2022-11-26;1.0;1.0;1.0;1.0;240.0;3.0;0.0;1.0;1.0;23.7;1.0;0.0;1.0;1.0;0.0;0.0;0.0;1.0;0.0;1.0;1.0
5769106;2022;2022-12-03;1.0;1.0;8.0;0.0;200.0;4.0;0.0;0.0;2.0;7.56;0.0;1.0;1.0;1.0;0.0;0.0;0.0;1.0;0.0;1.0;1.0
901187;2022;2022-12-08;1.0;2.0;1.0;0.0;180.0;2.0;0.0;0.0;1.0;12.2;1.0;0.0;1.0;1.0;0.0;0.0;0.0;0.0;0.0;0.0;1.0
7411491;2022;2022-12-11;1.0;1.0;5.0;0.0;180.0;4.0;0.0;0.0;1.0;;0.0;1.0;0.0;1.0;0.0;0.0;0.0;0.0;0.0;0.0;1.0
1071058;2022;2022-12-11;1.0;1.0;8.0;0.0;250.0;4.0;0.0;0.0;1.0;13.7;0.0;1.0;1.0;1.0;0.0;0.0;0.0;0.0;1.0;0.0;1.0
1091217;2022;2022-12-16;1.0;1.0;7.0;0.0;150.0;6.0;0.0;0.0;2.0;5.7;0.0;1.0;0.0;1.0;0.0;0.0;0.0;0.0;0.0;0.0;1.0
7069411;2022;2022-12-22;1.0;1.0;6.0;0.0;190.0;4.0;0.0;1.0;1.0;12.0;0.0;1.0;0.0;1.0;0.0;1.0;0.0;0.0;0.0;0.0;1.0
679810;2022;2022-12-22;3.0;2.0;3.0;0.0;320.0;2.0;0.0;1.0;2.0;5.31;0.0;1.0;0.0;1.0;0.0;1.0;0.0;0.0;0.0;0.0;1.0
721074;2023;2023-01-03;1.0;1.0;8.0;0.0;134.0;1.0;0.0;0.0;1.0;6.0;0.0;1.0;0.0;1.0;0.0;0.0;0.0;1.0;0.0;0.0;1.0
778721;2023;2023-01-05;1.0;1.0;6.0;1.0;290.0;2.0;0.0;0.0;2.0;9.92;0.0;1.0;0.0;1.0;0.0;0.0;0.0;1.0;0.0;0.0;1.0
728210;2023;2023-01-05;1.0;1.0;;1.0;154.0;2.0;1.0;0.0;2.0;9.2;0.0;1.0;0.0;1.0;0.0;0.0;0.0;0.0;0.0;0.0;0.0
712718;2023;2023-01-05;1.0;1.0;3.0;0.0;200.0;2.0;0.0;0.0;2.0;13.7;0.0;1.0;0.0;1.0;0.0;0.0;0.0;0.0;0.0;0.0;1.0
7211189;2023;2023-01-10;1.0;1.0;1.0;1.0;202.0;5.0;0.0;1.0;1.0;10.0;0.0;1.0;1.0;1.0;0.0;0.0;0.0;1.0;0.0;1.0;1.0
811080;2023;2023-01-11;1.0;1.0;4.0;0.0;190.0;2.0;0.0;0.0;1.0;10.7;0.0;1.0;0.0;1.0;0.0;0.0;0.0;1.0;0.0;0.0;1.0
5831058;2023;2023-01-12;1.0;1.0;1.0;1.0;160.0;4.0;0.0;0.0;1.0;12.0;1.0;0.0;1.0;0.0;0.0;0.0;1.0;0.0;0.0;0.0;1.0
760117;2023;2023-01-18;1.0;1.0;2.0;1.0;155.0;2.0;0.0;0.0;1.0;12.0;0.0;1.0;0.0;1.0;0.0;0.0;0.0;0.0;0.0;0.0;0.0
468980;2023;2023-01-23;1.0;1.0;1.0;1.0;160.0;2.0;0.0;0.0;1.0;12.9;1.0;0.0;1.0;0.0;0.0;1.0;0.0;0.0;0.0;0.0;1.0
103721;2023;2023-01-25;1.0;1.0;7.0;0.0;160.0;2.0;0.0;0.0;2.0;6.1;0.0;1.0;1.0;1.0;0.0;0.0;0.0;0.0;0.0;0.0;1.0
821088;2023;2023-01-25;1.0;1.0;6.0;1.0;220.0;2.0;0.0;0.0;2.0;9.5;0.0;1.0;0.0;1.0;0.0;0.0;0.0;0.0;0.0;0.0;0.0
121887;2023;2023-01-27;1.0;1.0;7.0;0.0;180.0;4.0;0.0;0.0;1.0;9.2;0.0;0.0;0.0;1.0;0.0;0.0;0.0;0.0;0.0;0.0;1.0
796869;2023;2023-01-30;1.0;1.0;7.0;0.0;150.0;2.0;0.0;0.0;1.0;5.29;0.0;1.0;1.0;1.0;0.0;0.0;0.0;0.0;0.0;0.0;1.0
727690;2023;2023-02-06;1.0;1.0;2.0;1.0;157.0;2.0;0.0;0.0;2.0;10.6;1.0;0.0;1.0;1.0;0.0;0.0;0.0;0.0;0.0;0.0;1.0
669010;2023;2023-02-07;1.0;1.0;4.0;1.0;170.0;1.0;0.0;0.0;1.0;16.3;0.0;1.0;0.0;0.0;1.0;0.0;0.0;1.0;0.0;0.0;1.0
9889114;2023;2023-02-09;1.0;1.0;1.0;1.0;200.0;4.0;0.0;0.0;1.0;19.6;1.0;0.0;1.0;1.0;0.0;0.0;0.0;1.0;0.0;0.0;1.0
7984107;2023;2023-02-14;1.0;1.0;1.0;0.0;120.0;2.0;0.0;1.0;1.0;8.0;1.0;1.0;1.0;1.0;0.0;0.0;0.0;0.0;0.0;0.0;1.0
721077;2023;2023-02-15;1.0;1.0;3.0;1.0;234.0;3.0;0.0;0.0;2.0;13.7;1.0;1.0;0.0;1.0;0.0;1.0;0.0;0.0;1.0;0.0;1.0
658466;2023;2023-02-16;1.0;1.0;4.0;0.0;162.0;2.0;0.0;0.0;2.0;7.5;0.0;1.0;0.0;1.0;0.0;0.0;0.0;0.0;0.0;0.0;1.0
461158;2023;2023-02-16;1.0;1.0;2.0;0.0;167.0;2.0;0.0;0.0;2.0;15.0;0.0;1.0;1.0;0.0;1.0;0.0;0.0;0.0;0.0;0.0;1.0
112120;2023;2023-02-20;1.0;1.0;2.0;0.0;136.0;2.0;0.0;0.0;1.0;7.8;0.0;1.0;0.0;1.0;0.0;1.0;0.0;0.0;1.0;1.0;1.0
1159664;2023;2023-02-20;1.0;1.0;1.0;1.0;152.0;4.0;0.0;0.0;1.0;10.6;1.0;0.0;0.0;1.0;0.0;0.0;0.0;1.0;0.0;0.0;1.0
122887;2023;2023-02-23;1.0;1.0;7.0;0.0;232.0;3.0;0.0;1.0;1.0;9.74;0.0;1.0;1.0;1.0;0.0;0.0;0.0;0.0;0.0;0.0;1.0
706817;2023;2023-02-28;1.0;1.0;7.0;0.0;168.0;3.0;0.0;1.0;1.0;6.1;0.0;1.0;1.0;1.0;0.0;0.0;0.0;0.0;0.0;0.0;1.0
748773;2023;2023-03-02;1.0;1.0;3.0;0.0;200.0;2.0;0.0;0.0;2.0;13.7;0.0;1.0;1.0;1.0;0.0;0.0;0.0;0.0;0.0;0.0;1.0
100119;2023;2023-07-20;1.0;1.0;4.0;0.0;160.0;3.0;0.0;0.0;2.0;5.9;0.0;1.0;0.0;0.0;0.0;0.0;1.0;0.0;0.0;0.0;0.0
5610182;2023;2023-11-07;1.0;1.0;6.0;0.0;140.0;2.0;0.0;1.0;1.0;6.6;0.0;1.0;0.0;0.0;1.0;0.0;0.0;0.0;0.0;0.0;1.0
113115;2023;2023-11-09;1.0;2.0;7.0;0.0;305.0;2.0;1.0;0.0;2.0;8.0;0.0;1.0;0.0;1.0;1.0;0.0;0.0;0.0;0.0;0.0;1.0
757271;2023;2023-11-15;1.0;1.0;1.0;1.0;150.0;2.0;0.0;0.0;2.0;10.2;1.0;0.0;1.0;1.0;0.0;0.0;0.0;0.0;0.0;0.0;1.0
6901131;2023;2023-11-15;1.0;1.0;7.0;0.0;195.0;4.0;0.0;0.0;1.0;7.2;0.0;1.0;0.0;0.0;1.0;0.0;0.0;0.0;0.0;0.0;1.0
7474976;2023;2023-11-21;1.0;1.0;1.0;1.0;180.0;2.0;0.0;0.0;1.0;8.69;1.0;0.0;1.0;1.0;0.0;0.0;0.0;0.0;0.0;0.0;1.0
1171127;2023;2023-11-21;1.0;1.0;3.0;1.0;160.0;6.0;1.0;0.0;1.0;10.0;1.0;1.0;1.0;0.0;0.0;0.0;1.0;0.0;1.0;0.0;0.0
801031;2023;2023-11-21;3.0;1.0;7.0;0.0;120.0;2.0;0.0;0.0;1.0;6.6;0.0;1.0;1.0;1.0;0.0;0.0;0.0;0.0;0.0;0.0;1.0
119498;2023;2023-11-23;1.0;1.0;2.0;1.0;131.0;3.0;0.0;0.0;1.0;12.6;0.0;1.0;0.0;1.0;0.0;1.0;0.0;0.0;0.0;0.0;1.0
767371;2023;2023-11-23;1.0;1.0;3.0;1.0;180.0;2.0;0.0;0.0;1.0;9.421;0.0;1.0;0.0;0.0;0.0;0.0;1.0;0.0;0.0;0.0;1.0
841211;2023;2023-11-29;1.0;1.0;1.0;1.0;112.0;2.0;1.0;1.0;1.0;14.0;1.0;1.0;1.0;1.0;0.0;0.0;0.0;1.0;0.0;0.0;1.0
611629;2023;2023-11-29;1.0;1.0;1.0;1.0;108.0;2.0;0.0;1.0;1.0;5.92;1.0;0.0;1.0;1.0;0.0;0.0;0.0;0.0;0.0;0.0;1.0
8190108;2023;2023-12-01;1.0;1.0;7.0;0.0;160.0;3.0;0.0;0.0;1.0;6.1;0.0;1.0;1.0;0.0;1.0;0.0;0.0;0.0;0.0;0.0;1.0
105714;2023;2023-12-05;1.0;1.0;3.0;1.0;145.0;3.0;0.0;0.0;1.0;8.14;0.0;1.0;0.0;1.0;0.0;0.0;0.0;0.0;0.0;0.0;1.0
698983;2023;2023-12-06;1.0;1.0;1.0;1.0;140.0;4.0;1.0;0.0;1.0;12.6;1.0;0.0;1.0;0.0;1.0;0.0;0.0;1.0;0.0;0.0;1.0
417510;2023;2023-12-07;1.0;1.0;7.0;0.0;180.0;4.0;0.0;1.0;1.0;11.4;0.0;1.0;0.0;0.0;0.0;0.0;1.0;0.0;0.0;0.0;0.0
7646451;2023;2023-12-07;1.0;1.0;8.0;0.0;219.0;5.0;1.0;0.0;1.0;5.29;0.0;1.0;1.0;1.0;0.0;0.0;0.0;0.0;0.0;0.0;1.0
477661;2023;2023-12-07;1.0;1.0;7.0;0.0;230.0;4.0;0.0;0.0;2.0;9.7;0.0;1.0;0.0;0.0;1.0;0.0;0.0;0.0;0.0;0.0;1.0
122671;2023;2023-12-08;1.0;1.0;2.0;0.0;300.0;3.0;0.0;0.0;1.0;23.7;1.0;1.0;1.0;1.0;0.0;0.0;0.0;0.0;1.0;0.0;1.0
7747482;2023;2023-12-12;1.0;1.0;3.0;0.0;200.0;2.0;0.0;0.0;2.0;14.5;0.0;1.0;0.0;0.0;1.0;0.0;0.0;0.0;0.0;0.0;1.0
100120;2023;2023-12-13;1.0;1.0;2.0;1.0;130.0;2.0;0.0;0.0;1.0;8.14;1.0;0.0;1.0;1.0;0.0;0.0;0.0;0.0;1.0;0.0;1.0
776736;2023;2023-12-13;1.0;1.0;1.0;1.0;180.0;2.0;1.0;1.0;1.0;17.2;1.0;0.0;1.0;1.0;0.0;1.0;0.0;1.0;0.0;0.0;1.0
731027;2023;2023-12-14;1.0;1.0;6.0;0.0;220.0;3.0;1.0;0.0;2.0;10.4;0.0;1.0;0.0;0.0;0.0;0.0;1.0;1.0;0.0;1.0;0.0
7679818;2023;2023-12-14;1.0;1.0;8.0;0.0;180.0;2.0;1.0;1.0;1.0;6.4;0.0;1.0;0.0;0.0;1.0;0.0;0.0;1.0;0.0;0.0;1.0
751108;2023;2023-12-19;1.0;1.0;6.0;0.0;180.0;2.0;0.0;0.0;2.0;4.0;0.0;1.0;0.0;0.0;1.0;0.0;0.0;0.0;0.0;0.0;1.0
310610;2023;2023-12-19;1.0;1.0;3.0;1.0;160.0;2.0;0.0;0.0;1.0;8.1;0.0;1.0;0.0;0.0;0.0;0.0;1.0;0.0;0.0;0.0;1.0
8773113;2023;2023-12-21;1.0;1.0;2.0;1.0;160.0;1.0;0.0;0.0;1.0;8.69;1.0;0.0;1.0;1.0;0.0;0.0;0.0;0.0;0.0;0.0;1.0
897731;2024;2024-01-09;1.0;1.0;1.0;1.0;639.0;2.0;0.0;0.0;1.0;15.7;1.0;0.0;1.0;1.0;0.0;0.0;0.0;0.0;1.0;1.0;1.0
9073879;2024;2024-01-09;1.0;1.0;2.0;1.0;138.0;2.0;0.0;0.0;1.0;5.3;1.0;0.0;0.0;1.0;1.0;0.0;0.0;0.0;0.0;0.0;1.0
461222;2024;2024-01-11;1.0;1.0;1.0;1.0;204.0;2.0;1.0;0.0;1.0;13.5;1.0;1.0;1.0;0.0;1.0;0.0;0.0;0.0;0.0;0.0;1.0
1191021;2024;2024-01-23;1.0;2.0;1.0;1.0;380.0;3.0;0.0;0.0;1.0;16.3;1.0;1.0;1.0;1.0;0.0;0.0;0.0;0.0;0.0;0.0;1.0
9097838;2024;2024-01-24;1.0;1.0;3.0;0.0;213.5;5.0;1.0;0.0;2.0;8.9;1.0;1.0;1.0;0.0;0.0;0.0;1.0;0.0;0.0;0.0;1.0
112691;2024;2024-01-25;1.0;1.0;5.0;0.0;320.0;2.0;1.0;0.0;1.0;2.75;0.0;1.0;0.0;1.0;0.0;0.0;0.0;1.0;0.0;0.0;1.0
699801;2024;2024-01-25;1.0;1.0;2.0;1.0;225.0;2.0;1.0;0.0;1.0;12.0;0.0;1.0;1.0;1.0;0.0;0.0;0.0;0.0;0.0;0.0;0.0
808410;2024;2024-01-30;1.0;1.0;5.0;1.0;204.0;2.0;1.0;0.0;1.0;9.0;0.0;1.0;0.0;0.0;0.0;0.0;1.0;0.0;0.0;0.0;0.0
111901;2024;2024-02-06;1.0;1.0;1.0;1.0;209.0;3.0;0.0;0.0;1.0;5.9;1.0;0.0;1.0;1.0;0.0;0.0;0.0;0.0;0.0;0.0;0.0
7146661;2024;2024-02-07;1.0;1.0;1.0;1.0;186.0;3.0;0.0;0.0;1.0;10.6;0.0;1.0;0.0;1.0;0.0;0.0;0.0;0.0;1.0;1.0;1.0
876790;2024;2024-02-15;1.0;1.0;7.0;0.0;180.0;3.0;0.0;0.0;1.0;6.6;0.0;1.0;0.0;0.0;1.0;0.0;0.0;0.0;0.0;0.0;0.0
1015877;2024;2024-02-20;1.0;1.0;1.0;1.0;170.0;2.0;1.0;0.0;1.0;13.2;1.0;0.0;1.0;1.0;0.0;1.0;0.0;0.0;0.0;0.0;1.0
8280779;2024;2024-02-20;1.0;1.0;1.0;1.0;175.0;1.0;0.0;1.0;1.0;18.0;1.0;0.0;1.0;1.0;0.0;1.0;0.0;0.0;0.0;0.0;1.0
970979;2024;2024-02-20;1.0;1.0;1.0;1.0;165.0;3.0;1.0;1.0;1.0;12.0;1.0;1.0;1.0;1.0;0.0;0.0;0.0;0.0;0.0;0.0;1.0
1141047;2024;2024-02-29;1.0;1.0;6.0;0.0;148.0;2.0;1.0;0.0;1.0;5.8;0.0;1.0;0.0;0.0;0.0;0.0;1.0;1.0;0.0;0.0;1.0
